{"cameraMode":{"drawMode":0,"name":"Shaded","section":"Shading Mode"},"sceneLighting":false,"audioPlay":false,"sceneViewState":{"showFog":true,"showMaterialUpdate":false,"showSkybox":false,"showFlares":true,"showImageEffects":true,"showParticleSystems":true},"in2DMode":false,"pivot":{"x":1046.24462890625,"y":9195.109375,"z":12535.798828125},"rotation":{"x":0.0005657360889017582,"y":0.9776519536972046,"z":0.0026297469157725574,"w":-0.21021302044391633},"size":3025.18408203125,"orthographic":false}